<?xml version="1.0" encoding="UTF-8"?>
<spirit:busDefinition xmlns:xilinx="http://www.xilinx.com" xmlns:spirit="http://www.spiritconsortium.org/XMLSchema/SPIRIT/1685-2009" xmlns:xsi="http://www.w3.org/2001/XMLSchema-instance">
	<spirit:vendor>Aldec.com</spirit:vendor>
	<spirit:library>aldec_lib</spirit:library>
	<spirit:name>clock</spirit:name>
	<spirit:version>1.0</spirit:version>
	<spirit:directConnection>true</spirit:directConnection>
	<spirit:isAddressable>false</spirit:isAddressable>
	<spirit:maxMasters>1</spirit:maxMasters>
	<spirit:maxSlaves>1</spirit:maxSlaves>
	<spirit:description>Clock Signal Interface</spirit:description>
</spirit:busDefinition>
