<?xml version="1.0" encoding="UTF-8"?>
<!-- Copyright (c) 2011, Xilinx, Inc. All rights reserved. -->
<spirit:abstractionDefinition xmlns:spirit="http://www.spiritconsortium.org/XMLSchema/SPIRIT/1685-2009">
	<spirit:vendor>Aldec.com</spirit:vendor>
	<spirit:library>aldec_lib</spirit:library>
	<spirit:name>data_rtl</spirit:name>
	<spirit:version>1.0</spirit:version>
	<spirit:busType spirit:vendor="Aldec.com" spirit:library="aldec_lib" spirit:name="data" spirit:version="1.0"/>
	<spirit:ports>
		<spirit:port>
			<spirit:logicalName>DATA</spirit:logicalName>
			<spirit:wire>
				<spirit:qualifier>
					<spirit:isData>true</spirit:isData>
				</spirit:qualifier>
				<spirit:onMaster>
					<spirit:direction>out</spirit:direction>
				</spirit:onMaster>
				<spirit:onSlave>
					<spirit:direction>in</spirit:direction>
				</spirit:onSlave>
			</spirit:wire>
		</spirit:port>
	</spirit:ports>
</spirit:abstractionDefinition>
