<?xml version="1.0" encoding="UTF-8"?>
<spirit:abstractionDefinition xmlns:xilinx="http://www.xilinx.com" xmlns:spirit="http://www.spiritconsortium.org/XMLSchema/SPIRIT/1685-2009" xmlns:xsi="http://www.w3.org/2001/XMLSchema-instance">
	<spirit:vendor>Aldec.com</spirit:vendor>
	<spirit:library>aldec_lib</spirit:library>
	<spirit:name>clock_rtl</spirit:name>
	<spirit:version>1.0</spirit:version>
	<spirit:busType spirit:vendor="Aldec.com"
			spirit:library="aldec_lib"
			spirit:name="clock"
			spirit:version="1.0"/>
	<spirit:ports>
		<spirit:port>
			<spirit:logicalName>CLK</spirit:logicalName>
			<spirit:description>Clock</spirit:description>
			<spirit:wire>
				<spirit:onMaster>
					<spirit:presence>required</spirit:presence>
					<spirit:width>1</spirit:width>
					<spirit:direction>out</spirit:direction>
				</spirit:onMaster>
				<spirit:onSlave>
					<spirit:presence>required</spirit:presence>
					<spirit:width>1</spirit:width>
					<spirit:direction>in</spirit:direction>
				</spirit:onSlave>
			</spirit:wire>
		</spirit:port>
	</spirit:ports>
</spirit:abstractionDefinition>
